alert,title,snippet,date_published,url
fatwa,Commander of the Faithful Authorizes Public Release of Supreme Council of Religious ...,... fatwa concerning zakat and authorized its publication for public access. The council clarified in an official statement that the fatwa will be ...,2025-10-22,https://fesnews.media/312673/2025/10/22/
fatwa,Live: Royal and Public Welcome for the U-20 National Team - Tanja7 English,"Supreme Scientific Council Publishes Zakat Fatwa Following Approval from the Emir of the Believers. Tanja7. October 22, ...",2025-10-22,https://www.tanja7.com/en/5401
fatwa,Sheikh Saleh Al-Fawzan Appointed New Grand Mufti of Saudi Arabia,"Royal decree names prominent scholar as new Grand Mufti, Chairman of Senior Scholars Council, and head of Fatwa authority with ministerial rank.",2025-10-22,https://theislamicinformation.com/news/sheikh-saleh-al-fawzan-new-grand-mufti-of-saudi-arabia/
fatwa,Ulema & Mashaikh Council calls for promoting Islamic teachings,The communiqué also stated that fatwas and Sharia rulings may only be issued by recognized and authorized religious institutions or Darul Iftaa.,2025-10-22,https://www.radio.gov.pk/22-10-2025/national-ulema-mashaikh-council-calls-for-promotion-of-islamic-teachings
fatwa,"Iran, where one can change ones gender without any problems - ФАКТИ.БГ","Back in the 1980s, Ayatollah Ruhollah Khomeini issued a fatwa according to which a person can change their gender, but must undergo the appropriate ...",2025-10-23,https://fakti.bg/en/world/1009244-iran-where-one-can-change-one-s-gender-without-any-problems
fatwa,Malaysia's Islamic Authorities Risk Sowing Societal Confusion through Hasty Bans on Some ...,... fatwa on the assumption that they constitute not just respect for other religions but acceptance of the validity of other religions. Thus ...,2025-10-23,https://fulcrum.sg/malaysias-islamic-authorities-risk-sowing-societal-confusion-through-hasty-bans-on-some-new-age-practices/
fatwa,"Maulana Tauqeer Raza's daughter-in-law says, 'He is a mafia' Claims he has Pakistani wife","... Fatwa against Nida Khan. A city Qazi issued a fatwa against Nida Khan, expelling her and her family from Islam. They were socially ostracised ...",2025-10-23,https://www.bhaskarenglish.in/local/uttar-pradesh/news/maulana-raza-daughter-in-law-claims-he-has-pakistani-wife-threats-after-bareilly-violence-136237803.html
fatwa,Morocco's King Mohammed VI Approves Publication of National Religious Ruling on Zakat,"... (fatwa) on zakat, the Islamic obligation of charitable giving. The fatwa was prepared by the Supreme Council of Ulema, the country's highest ...",2025-10-23,https://barlamantoday.com/2025/10/23/moroccos-king-mohammed-vi-approves-publication-of-national-religious-ruling-on-zakat/
fatwa,Saudi Arabia Announces New Grand Mufti,"In 2016, Sheikh Saleh issued a fatwa banning the mobile game Pokémon Go, calling it a form of gambling. Interestingly, under Crown Prince ...",2025-10-23,https://propakistani.pk/2025/10/23/saudi-arabia-announces-new-grand-mufti/
fatwa,Saudi Arabia names Sheikh Saleh bin Fawzan al-Fawzan as new grand mufti,"In 2016, a fatwa attributed to him banned the mobile game Pokémon Go, calling it a form of gambling, while ironically, Crown Prince Mohammed now ...",2025-10-23,https://www.tbsnews.net/world/saudi-arabia-names-sheikh-saleh-bin-fawzan-al-fawzan-new-grand-mufti-1267361
fatwa,The <b>Fatwa</b> Council Calls for Support for Olive Farmers - Sada News Agency,"SadaNews - The Supreme Fatwa Council called for supporting the farmers who cling to their blessed land and nurture the olive tree, ...",2025-10-23,https://www.sadanews.ps/en/news/243538.html
fatwa,"The Regent of Ciamis Welcomes the Jihad Resolution Parade, Emphasizing the Santri&#39","This date refers to the issuance of the Jihad Resolution which contained a fatwa on the obligation of jihad to defend Indonesia's independence, a ...",2025-10-23,https://www.jabarprov.go.id/en/berita/bupati-ciamis-sambut-rombongan-kirab-resolusi-jihad-tegaskan-semangat-santri-dalam-menga-21617
halal,<b>Halal</b> Cosmetics Market Projected to Reach USD 117.7 Billion - openPR.com,"According to Straits Research, the global halal cosmetics market, valued at USD 42.44 billion in 2024, is poised for significant growth, ...",2025-10-23,https://www.openpr.com/news/4236316/halal-cosmetics-market-projected-to-reach-usd-117-7-billion
halal,"Adityanath's Claim on <b>Halal</b> Certification and Terror Funding Baseless, Say Muslim Scholars","Halal, an Arabic term meaning permissible, is a fundamental principle in Islam governing food consumption. Halal certification ensures that meat and ...",2025-10-23,https://clarionindia.net/adityanaths-claim-on-halal-certification-and-terror-funding-baseless-say-muslim-scholars/
halal,ASEAN SME100 Awards Celebrate SMEs Expanding Beyond Borders,"The inaugural ASEAN SME100 Awards and ASEAN Halal Brand Awards, organised by Business Media International (BMI) in conjunction with the ASEAN SME ...",2025-10-23,https://sme.asia/asean-sme100-awards-celebrate-smes-expanding-beyond-borders/
halal,BJP chief minister calls for ban on <b>halal</b> food in India - Dialogue Pakistan,Adityanath urged Hindus to use swadeshi (locally made) products and avoid halal-certified items.,2025-10-23,https://dialoguepakistan.com/en/world/bjp-chief-minister-calls-for-ban-on-halal-food-in-india
halal,"Brazilian President To Visit Malaysia, Attend ASEAN Summit As Guest Of The Chair","... halal industry, agriculture, health and education. They will also discuss regional and global issues, including cooperation under the United ...",2025-10-23,https://asean.bernama.com/news.php?id=2482203
halal,CAIR-Sacramento Applauds San Juan Unified's <b>Halal</b> Meal Pilot Program as Model for ...,Halal guidelines prohibit consumption of foods containing pork or alcohol.] “When I heard that San Juan Unified is starting the halal burrito piloting ...,2025-10-23,https://www.cair.com/press_releases/cair-sacramento-applauds-san-juan-unifieds-halal-meal-pilot-program-as-model-for-inclusive-school-nutrition/
halal,"CM Yogi Takes Strong Stand on <b>Halal</b> Certification, ₹25000 Crore Linked to Terror & Love Jihad","Uttar Pradesh CM Yogi Adityanath has taken a firm stand against Halal certification, raising concerns over alleged misuse of funds amounting to ...",2025-10-23,https://www.youtube.com/watch?v=QbmdUtAlcyo
halal,"Despite <b>halal</b>-friendly push, fewer Muslim tourists visited the PHL | Ma. Stella F. Arnaldo",... halal-friendly services. Data from the Department of Tourism (DOT) showed there were close to 170000 Muslim nationalities who arrived from January ...,2025-10-23,https://businessmirror.com.ph/2025/10/23/despite-halal-friendly-push-fewer-muslim-tourists-visited-the-phl/
halal,Have a food trip at Cagayan de Oro's Cogon Market - GMA Network,"... halal food. In fact, Cogon Market prides itself at being a one-stop shop for ingredients for halal food, which include sakurab (a type of scallion) ...",2025-10-23,https://www.gmanetwork.com/lifestyle/food/127131/have-a-food-trip-at-cagayan-de-oros-cogon-market/story
halal,"James Chin, Kepong MP challenge PAS to start its own all-<b>halal</b> sans alcohol “PAS Airline”","If Moon wants a halal-airline, they should start one (on their own),” snubbed political commentator Prof James Chin in concurrence with DAP lawmaker ...",2025-10-23,https://focusmalaysia.my/james-chin-kepong-mp-challenge-pas-to-start-its-own-all-halal-sans-alcohol-pas-airline/
halal,Muslims in India once again under fire; UP govt bans sale of <b>halal</b> products,He said a complete ban has been imposed on the sale of halal certified products in Uttar Pradesh because the profits from these products are used for ...,2025-10-23,https://kmsnews.org/kms/2025/10/23/muslims-in-india-once-again-under-fire-up-govt-bans-sale-of-halal-products.html
halal,Popular NYC <b>Halal</b> Food Restaurant Opens In Fairfax City - Patch,"Family-owned Halal food company that started in Queens, New York has expanded to 120 locations worldwide, including one in Fairfax City.",2025-10-23,https://patch.com/virginia/fairfaxcity/popular-nyc-halal-food-restaurant-opens-fairfax-city
halal,Safa <b>Halal</b> has opened and there is also Bubble Tea! - PoPville,"1917 18th Street, NW Thanks to a few folks for sending word of Safa Halal's grand opening on 18th Street in the old Souvlaki space.",2025-10-23,https://www.popville.com/2025/10/safa-halal-opened-dc-bubble-tea/
halal,"Strengthening The <b>Halal</b> Beauty Brand Position, Wardah Wins 2 Top <b>Halal</b> Award 2025","The leading PIonic beauty brand, Wardah, has again strengthened its position in the beauty industry in Indonesia by winning 2 Top Halal Awards for ...",2025-10-23,https://voi.id/en/lifestyle/526790
halal,The world's first Muslim-friendly cruise sails in November — with <b>halal</b> food and mocktails,"There's even halal afternoon tea slots. While cruises such as Aroya serve Halal food and have prayer mats in every room, the M/V Piano Land is the ...",2025-10-23,https://metro.co.uk/2025/10/23/worlds-first-muslim-friendly-cruise-sails-november-halal-food-mocktails-24506630/
halal,"Try Delicious, Handcrafted Stuffed Dates at the <b>Halal</b> Date! - Good Day Sacramento","Halal Date takes dates and turn them into a luxurious, handcrafted treat by stuffing, dipping, and topping each one to taste like your favorite ...",2025-10-23,https://www.cbsnews.com/gooddaysacramento/video/try-delicious-handcrafted-stuffed-dates-at-the-halal-date/
halal,"Twisted Meanings, Real Consequences: How Islamic Terms Are Weaponised - The Wire",Hindutva supporters on social media have been asking Hindus to destabilise what they call the 'halal economy' of Indian Muslims. Advertisement.,2025-10-23,https://m.thewire.in/article/communalism/twisted-meanings-real-consequences-how-islamic-terms-are-weaponised
halal,"Typhoid jab 'safe, WHO-approved and <b>halal</b>', say officials | banglanews24.com","Bangladesh's typhoid vaccine is safe, WHO-approved and certified halal by Saudi Arabia's Halal Center, health officials and partners said at a meeting ...",2025-10-23,https://www.banglanews24.com/english/health/news/bd/188693.details
halal,UP CM Yogi's Remarks Linking <b>Halal</b> Products to Terrorism Spark Controversy,"Halal is a certification that indicates a product complies with Islamic dietary laws, ensuring it is free of elements deemed 'un-Islamic.' However, ...",2025-10-23,https://thehindustangazette.com/latest-news/up-cm-yogis-remarks-linking-halal-products-to-terrorism-spark-controversy-40924
halal,Your Favorite Chefs Have a New Favorite Greenmarket Stand,"The married farmers behind Halal Pastures, Samer Saleh and Diane Aboushi Saleh, started with just half an acre of land an hour's drive north of the ...",2025-10-23,https://www.grubstreet.com/article/halal-pastures-greenmarket-stand.html
haram -boko,CM Abdullah asks PM Modi to take action against Giriraj - Kashmir Images,"... haram” (betrayers) while referring to Muslims. His comments went viral on social media the following day. In the video clip, Singh criticised ...",2025-10-22,https://thekashmirimages.com/2025/10/23/cm-abdullah-asks-pm-modi-to-take-action-against-giriraj/
haram -boko,"'Regrettable, PM Modi should take action': Omar Abdullah slams Giriraj Singh over","Jammu and Kashmir Chief Minister Omar Abdullah on Wednesday slammed Union Minister Giriraj Singh for his namak haram' remarks targeting Muslims, ...",2025-10-23,https://www.bignewsnetwork.com/news/278650905/regrettable-pm-modi-should-take-action-omar-abdullah-slams-giriraj-singh-over-namak-haram-remarks
haram -boko,Arsenal's Tactical Reality: Why the “<b>Haram</b> Ball” Narrative Misses the Point - VAVEL.com,"After the 4–0 win over Atlético Madrid, claims that Arsenal have become a defensive or pragmatic side ignore the data and the design of Mikel ...",2025-10-23,https://www.vavel.com/en/football/2025/10/23/arsenal/1238715-arsenals-tactical-reality-why-the-haram-ball-narrative-misses-the-point.html
haram -boko,Egypt Details 2026 Economic Hajj Air Package Prices - Nogoom Masrya,"Category A economic air packages, covering hotel accommodation in Mecca no more than 1, 250 metres from the Grand Haram, are set at 285, 000 ...",2025-10-23,https://www.ngmisr.com/en/egypt/21067/
haram -boko,Norway Launches Platform to Combat Islamophobia - The Islamic Information,... Haram and Masjid Nabawi · hajr ismail hateem · Hateem Praying Timings at Masjid al-Haram (Male and Female) · day trading in islam · Is Day Trading ...,2025-10-23,https://theislamicinformation.com/news/norway-launches-platform-to-combat-islamophobia/
haram -boko,Twenty Indonesians flee online scam compound in Myanmar's Myawaddy - Antara News jatim,"Indonesia Hopes its Citizen can Become Imam at Masjidil Haram. Jumat, 31 Oktober 2014 23:23. Indonesia Hopes its Citizen can Become Imam at Masjidil ...",2025-10-23,https://jatim.antaranews.com/berita/992109/twenty-indonesians-flee-online-scam-compound-in-myanmars-myawaddy
imam,7 held over CMCH police attack and accused snatching incident | The Business Standard,"The arrestees are Imam Hossain alias Akash (25), his younger brother Hossain (19), Sonia Akhter (24), Sumaiya Akhter (24), Asma (28), Munna (22), ...",2025-10-22,https://www.tbsnews.net/bangladesh/7-held-over-cmch-police-attack-and-accused-snatching-incident-1267136?amp
imam,<b>Imam</b> Talib Shareef's leadership applauded - The Washington Informer,I applaud Imam Talib Shareef for his moral courage and authentic leadership for offering solutions to a long-term quagmire on the global landscape ...,2025-10-22,https://www.washingtoninformer.com/moral-courage-imam-talib-shareef/
imam,Court of the occupiers demands to return a blind political prisoner to prison,"He was assisted in his daily life by his fellow villagers and Imam Edem Smailov. Sizikov was detained on July 7, 2020, after searches of his ...",2025-10-22,https://intent.press/en/news/war/2025/court-of-the-occupiers-demands-to-return-a-blind-political-prisoner-to-prison/
imam,"Mam's <b>imam</b> photo-op: Letters to the Editor — Oct. 22, 2025",NY Post readers discuss Zohran Mamdani's photo-op with controversial Brooklyn imam Siraj Wahhaj.,2025-10-22,https://nypost.com/2025/10/22/opinion/mams-imam-photo-op-letters/
imam,"Martyrs Seyyed Mostafa was trustworthy advisor for <b>Imam</b> Khomeini, hope for revolutionaries",Haj Mostafa Khomeini's martyrdom shocked the people; but at the same time their fears vanished and people's love towards Imam became public.,2025-10-22,https://www.jamaran.news/Section-news-2/1686358-martyrs-seyyed-mostafa-was-trustworthy-advisor-for-imam-khomeini-hope-for-revolutionaries
imam,Muslim-American civil rights organizations denounce “Islamophobic” attacks against <b>Imam</b> ...,Muslim groups and civil rights leaders denounce right-wing smear campaign after viral photo of Imam Siraj Wahhaj is weaponized by media and ...,2025-10-22,https://peoplesdispatch.org/2025/10/22/muslim-american-civil-rights-organizations-denounce-islamophobic-attacks-against-imam-siraj-wahhaj/
imam,New dawn as Prof. Ibrahim Uthman becomes University of Ibadan's Chief <b>Imam</b>,... * Renowned Islamic scholar and academic takes over from Prof. Mufutau Abdulrahman after his retirement. It is a new dawn for the Muslim ...,2025-10-22,https://muslimnews.com.ng/2025/10/22/new-dawn-as-prof-ibrahim-uthman-becomes-university-of-ibadans-chief-imam/
imam,"Pakistan vs South Africa Highlights, 2nd Test Day 2 updates from Rawalpindi - India Today",Shan Masood walks out to bat at number 3. Score 12/1. BatsmanImam-ul-Haq 9(14b 1*4 0*6).,2025-10-22,https://www.indiatoday.in/sports/cricket/story/pakistan-vs-south-africa-live-score-today-day-2-2nd-test-rawalpindi-2805977-2025-10-21
imam,Tramp odgovorio na pitanje zašto je samit s Putinom odložen: Ne želim da <b>imam</b> uzaludan sastanak,"Govoreći novinarima u Ovalnoj kancelariji, Tramp je rekao da još nije donio odluku o sastanku, za koji je želio da se uskoro održi u Budimpešti.",2025-10-22,https://www.vijesti.me/svijet/globus/779957/tramp-odgovorio-na-pitanje-zasto-je-samit-s-putinom-odlozen-ne-zelim-da-imam-uzaludan-sastanak
imam,Grand <b>Imam</b> of Al-Azhar to GETI participants: “Hope rests on you in confronting senseless wars”,"His Eminence Dr Ahmad al-Tayyeb, the Grand Imam of Al-Azhar, received participants of the World Council of Churches (WCC) Global Ecumenical ...",2025-10-23,https://www.oikoumene.org/news/grand-imam-of-al-azhar-to-geti-participants-hope-rests-on-you-in-confronting-senseless-wars
imam,MOH to accelerate construction of long-awaited Sungai Tamang health clinic in Pulau Sebatik,"... Imam Rural Clinic to a Type 7 Health Clinic, reflecting the area's population of over 15,000 - October 23, 2025. THE Malaysian Ministry of Health ...",2025-10-23,https://www.thevibes.com/articles/news/114420/moh-to-accelerate-construction-of-long-awaited-sungai-tamang-health-clinic-in-pulau-sebatik
imam,"The Crescent Moon of the Month of Jumada al-Ula, 1447 A.H. - <b>IMAM</b>-US.org","Peace be upon you. The Moon-Sighting Committee of the Council of Shia Muslim Scholars of North America announces that Friday, October 24th, 2025, will ...",2025-10-23,https://imam-us.org/the-crescent-moon-of-the-month-of-jumada-al-ula-1447-a-h
islamic law,"""When You Soon Return to Allah"": ""Harmless <b>Islamic</b> Reference[] About Life and Death"" or an ...",Both parties are devout Muslims .... The court upheld certain restrictions on the father's parenting time: [Colorado law] authorized the district court ...,2025-10-23,https://reason.com/volokh/2025/10/23/when-you-soon-return-to-allah-harmless-islamic-reference-about-life-and-death-or-an-absolute-and-direct-threat-to-ex-wife/
islamic law,<b>Islamic</b> militants reportedly kidnap American missionary in Niger - YouTube,Senator Tuberville Speaks on the Senate Floor about Radical Islamic Extremism and Sharia Law. Senator Tommy Tuberville•451K views · 21:52 · Go to ...,2025-10-23,https://www.youtube.com/watch?v=3Flr3aDKFiU
islamic law,A joint statement issued by 15 Arab and <b>Islamic</b> countries condemns the Knesset's approval ...,"... law, and of United Nations Security Council resolutions particularly Resolution 2334, which condemns all Israeli measures aimed at altering the ...",2025-10-23,https://mofa.gov.qa/en/latest-articles/statements/a-joint-statement-issued-by-15-arab-and-islamic-countries-condemns-the-knesset-s-approval-of-two-laws-aimed-at-extending-israeli-sovereignty-over-the-occupied-west-bank-and-its-illegal-settlements
islamic law,"Arab, <b>Islamic</b> states condemn Israeli Knesset approval to annex West Bank - Politics - كونا","CAIRO, Oct 23 (KUNA) -- Egypt and a group of Arab and Islamic nations on Thursday condemned the Israeli Knesset's approval of two draft laws ...",2025-10-23,https://www.kuna.net.kw/ArticleDetails.aspx?id=3255327&language=en
islamic law,"Blasphemy: Implementing <b>Sharia law</b> in Nigeria is barbaric, U.S. lawmaker Stutzman says","Implementing Sharia law and condoning the murder of innocent people is barbaric,” Mr Stutzman declared on Wednesday.",2025-10-23,https://gazettengr.com/blasphemy-implementing-sharia-law-in-nigeria-is-barbaric-u-s-lawmaker-stutzman-says/
islamic law,"Egypt, Arab, <b>Islamic</b> nations denounce Israeli bid to assert sovereignty over occupied West Bank","Egypt, Arab and Islamic countries have strongly condemned in a joint statement on Thursday the Israeli Knesset's approval of two draft laws ...",2025-10-23,"https://english.ahram.org.eg/NewsContent/1/1234/555482/Egypt/Foreign-Affairs/Egypt,-Arab,-Islamic-nations-denounce-Israeli-bid-.aspx"
islamic law,Galloping Islamization in Britain and America - JNS.org,"... sharia law, which recognizes no authority above itself. The British are at a boiling point. People can see that serious violence in the streets is ...",2025-10-23,https://www.jns.org/galloping-islamization-in-britain-and-america/
islamic law,Global Condemnation of Pakistan's Terrorist Groups for Distorting <b>Islam</b> and Promoting Violence,"In their statements, leading clerics declared such militant acts contrary to Islamic law and true jihad. The Paigham-e-Pakistan fatwa, signed by ...",2025-10-23,https://en.abna24.com/news/1742073/Global-Condemnation-of-Pakistan-s-Terrorist-Groups-for-Distorting
islamic law,Indonesian School Collapse Prompts Questions About <b>Legal</b> Responsibility - The Diplomat,The collapse of the Al-Khoziny Islamic Boarding School in East Java on September 29 led to the death of 63 students.,2025-10-23,https://thediplomat.com/2025/10/indonesian-school-collapse-prompts-questions-about-legal-responsibility/
islamic law,Iranian Christian Freed After Nearly Two Years in Prison | Barnabas Aid,"Farsi (Persian)-speaking Christians, being converts from Islam, are punishable as apostates according to Islamic law. Unlike the historic Armenian ...",2025-10-23,https://www.barnabasaid.org/gb/news/iranian-christian-freed-after-nearly-two-years-in-prison/
islamic law,Mad HC: Juvenile Justice Act overrides <b>Muslim Law</b> on adoption - SCC Online,"Madras High Court held that Juvenile Justice Act, 2015 overrides Muslim Law on adoption matters. affirming that adopted child holds same legal ...",2025-10-23,https://www.scconline.com/blog/post/2025/10/23/madras-hc-jj-act-overrides-muslim-law-in-adoption/
islamic law,Nigerian army kills over 50 Boko Haram militants as it fights off drone attacks | kare11.com,"Boko Haram, Nigeria's homegrown jihadis, took up arms in 2009 to fight Western education and impose their radical version of Islamic law or Sharia.",2025-10-23,https://www.kare11.com/article/syndication/associatedpress/nigerian-army-kills-over-50-boko-haram-militants-as-it-fights-off-drone-attacks/616-d2b9e1c6-39ec-41df-a0e4-04cb611f9841
islamic law,Organization of <b>Islamic</b> Cooperation Condemns Israeli Sovereignty <b>Law</b> over the West Bank ...,SadaNews - The General Secretariat of the Organization of Islamic Cooperation strongly condemned the Israeli Knesset's approval of a bill aimed at ...,2025-10-23,https://www.sadanews.ps/en/news/243587.html
islamic law,"Over a dozen Arab, <b>Muslim</b> countries blast annexation vote as 'blatant' international <b>law</b> violation","... law.” Signing onto the statement are the “Hashemite Kingdom of Jordan, the Republic of Indonesia, the Islamic Republic of Pakistan, the Republic ...",2025-10-23,https://www.timesofisrael.com/liveblog_entry/over-a-dozen-arab-muslim-countries-blast-annexation-vote-as-blatant-international-law-violation/
islamic law,PRESSR: Finshape announces strategic partnership with DIB to redefine digital <b>Islamic</b> banking,"In addition to being the first and largest Islamic bank in the UAE, DIB has a significant international presence as a torchbearer in promoting Shariah ...",2025-10-23,"https://www.tradingview.com/news/reuters.com,2025-10-23:newsml_Zaw9g3Xn9:0-pressr-finshape-announces-strategic-partnership-with-dib-to-redefine-digital-islamic-banking/"
islamic law,Saudi Arabia appoints new top religious cleric - The Senior,"Ifta is the process of issuing a legal ruling, or fatwa, on a point of Islamic law. The grand mufti in Muslim-dominated countries interprets ...",2025-10-23,https://www.thesenior.com.au/story/9096026/saudi-arabia-appoints-new-top-religious-cleric/
islamic law,"US Lawmaker Stutzman Condemns <b>Sharia Law</b>, Joins Ted Cruz In Decrying 'Barbaric ...",He added that Christians are being forced to submit to Sharia law and blasphemy laws across Nigeria. ... Islamic terror groups Boko Haram and Islamic ...,2025-10-23,https://saharareporters.com/2025/10/23/us-lawmaker-stutzman-condemns-sharia-law-joins-ted-cruz-decrying-barbaric-violence
islamic law,We condemn the Knesset's approval of the so-called Israeli sovereignty <b>law</b> over the West Bank,Arab-Islamic statement: We condemn the Knesset's approval of the so-called Israeli sovereignty law over the West Bank. Short Url. https:// ...,2025-10-23,https://www.arabnews.pk/node/2619979/middle-east
mufti -mehbooba,British ex-soldier acquitted of murder and attempted murder charges in 1972 Bloody Sunday ...,"DUBAI, United Arab Emirates (AP) — Saudi Arabia appointed a prominent ultraconservative scholar late Wednesday as the country's new grand mufti, the ...",2025-10-23,https://www.wral.com/news/ap/2d3c6-british-ex-soldier-acquitted-of-murder-and-attempted-murder-charges-in-1972-bloody-sunday-massacre/
mufti -mehbooba,Custodian of Two Holy Mosques appoints Sheikh Saleh bin Fawzan Al Fawzan as Grand ...,"Saleh bin Fawzan bin Abdullah Al Fawzan as Grand Mufti of the Kingdom of Saudi Arabia, Chairman of the Council of Senior Scholars, and President of ...",2025-10-23,https://www.bna.bh/En/CustodianofTwoHolyMosquesappointsSheikhSalehbinFawzanAlFawzanasGrandMuftiofSaudiArabia.aspx?cms=q8FmFJgiscL2fwIzON1%2BDqubrNt99MtY6xDGjvaotHs%3D
mufti -mehbooba,Iltija <b>Mufti</b> slams delay in addressing Open Merit students' Reservation concerns,Ziraat Times News Desk. SRINAGAR: People's Democratic Party (PDP) leader Iltija Mufti has criticized the Jammu and Kashmir Government for what she ...,2025-10-23,https://ziraattimes.com/2025/10/iltija-mufti-slams-delay-in-addressing-open-merit-students-reservation-concerns/
mufti -mehbooba,King Salman Appoints Sheikh Saleh Al Fawzan as Saudi Arabia's New Grand <b>Mufti</b>,"Born in 1935 in the Qassim province, Sheikh Saleh Al Fawzan lost his father at an early age and was raised by his extended family.",2025-10-23,https://theobserverpost.com/king-salman-appoints-sheikh-saleh-al-fawzan-as-saudi-arabias-new-grand-mufti/
mufti -mehbooba,Meet Sheikh Saleh al Fawzan: New Grand <b>Mufti</b> of Saudi Arabia | ummid.com,Renowned Islamic Scholar Sheikh Saleh al Fawzan has been appointed as the new Grand Mufti of Saudi Arabia after the demise of Sheikh Abdulaziz ...,2025-10-23,https://ummid.com/news/2025/october/23-10-2025/meet-sheikh-saleh-al-fawzan-new-grand-mufti-of-saudi-arabia.html
mufti -mehbooba,Royal Order Appoints Sheikh Saleh bin Fawzan Al-Fawzan as Grand <b>Mufti</b> of Saudi Arabia,"Riyadh, October 23, 2025, SPA -- After reviewing the relevant laws and Royal Decrees and Orders, and based on the recommendation submitted by His ...",2025-10-23,https://www.spa.gov.sa/en/N2426644
mufti -mehbooba,Saleh bin Fawzan Al-Fawzan became the Grand <b>Mufti</b> of Saudi Arabia by decree of King Salman,"This change came after the death of the former Grand Mufti, Abdulaziz bin Abdullah Al-Sheikh, who was from the founding family of Wahhabism, and ...",2025-10-23,https://safir.af/en/2025/10/23/saleh-bin-fawzan-al-fawzan-became-the-grand-mufti-of-saudi-arabia-by-decree-of-king-salman-2/
mufti -mehbooba,Saudi Arabia Appoints Kingdom's New Grand <b>Mufti</b> - Kashmir Observer,"Dubai~ Saudi Arabia appointed a prominent ultraconservative scholar late Wednesday as the country's new grand mufti, the kingdom's top religious ...",2025-10-23,https://kashmirobserver.net/2025/10/23/saudi-arabia-appoints-kingdoms-new-grand-mufti/
mufti -mehbooba,Saudi Arabia appoints new grand <b>mufti</b> - Jagonews24,Saudi Arabia has appointed prominent ultraconservative scholar Sheikh Saleh bin Fawzan al-Fawzan as the kingdom's new grand mufti — the...,2025-10-23,https://www.jagonews24.com/en/international/news/86593
mufti -mehbooba,Saudi Arabia Appoints Sheikh Saleh Al-Fawzan as Grand <b>Mufti</b> an... - Jordan News,"The King of Saudi Arabia, Salman bin Abdulaziz, issued an order appointing Sheikh Saleh Al-Fawzan as the Grand Mufti of Saudi Arabia, President of ...",2025-10-23,https://www.jordannews.jo/Section-20/Middle-East/Saudi-Arabia-Appoints-Sheikh-Saleh-Al-Fawzan-as-Grand-Mufti-and-Head-of-Council-of-Senior-Scholars-45917
mufti -mehbooba,Saudi Arabia appoints Sheikh Saleh bin Fawzan al-Fawzan as kingdom's new grand <b>mufti</b>,"Saudi Arabia appointed a prominent ultraconservative scholar late Wednesday as the country's new grand mufti, the kingdom's top religious scholar.",2025-10-23,https://www.washingtontimes.com/news/2025/oct/23/sheikh-saleh-bin-fawzan-al-fawzan-appointed-saudi-arabias-new-grand/
mufti -mehbooba,Saudi Arabia appoints Sheikh Saleh Bin Fawzan as kingdom's new grand <b>mufti</b> - Gulf Today,"Saudi Arabia appointed a prominent scholar late on Wednesday as the country's new grand mufti, the kingdom's top religious scholar. ...",2025-10-23,https://www.gulftoday.ae/news/2025/10/23/saudi-arabia-appoints-sheikh-saleh-bin-fawzan-as-kingdoms-new-grand-muftisaudi-grand-mufti
mufti -mehbooba,Saudi Arabia Names Sheikh Saleh bin Fawzan Al-Fawzan as New Grand <b>Mufti</b> - Bold News,Saudi Arabia has appointed prominent ultraconservative scholar Sheikh Saleh bin Fawzan Al-Fawzan as the kingdom's new Grand Mufti.,2025-10-23,https://boldnewsonline.com/saudi-arabia-names-sheikh-saleh-bin-fawzan-al-fawzan-as-new-grand-mufti/
mufti -mehbooba,"Saudi Arabia's New Grand <b>Mufti</b> Is 90, And His Views Are Stirring Debate - NDTV",Sheikh Saleh bin Fawzan bin Abdullah Al-Fawzan was named the grand mufti of Saudi Arabia by royal decree. Advertisement.,2025-10-23,https://www.ndtv.com/world-news/saudi-arabias-new-grand-mufti-is-90-and-his-views-are-stirring-debate-9504580
mufti -mehbooba,Saudi Arabia's New Grand <b>Mufti</b> Named,"IQNA – A conservative cleric in his nineties has been appointed as the top religious leader in Saudi Arabia, state media said.",2025-10-23,https://iqna.ir/en/news/3495122/saudi-arabia%E2%80%99s-new-grand-mufti-named
mufti -mehbooba,Saudi names conservative grand <b>mufti</b> despite sweeping social change - AL-Monitor,"Sheikh Saleh bin Fawzan bin Abdullah Al-Fawzan was named the grand mufti of Saudi Arabia by royal decree, the official SPA news agency reported late ...",2025-10-23,https://www.al-monitor.com/originals/2025/10/saudi-names-conservative-grand-mufti-despite-sweeping-social-change
mufti -mehbooba,Sheikh Saleh Al Fawzan appointed as new Grand <b>Mufti</b> of Saudi Arabia - Aaj English TV,Saudi Arabia's King Salman bin Abdulaziz has appointed Sheikh Dr Saleh bin Fawzan bin Abdullah Al Fawzan as the kingdom's new Grand Mufti. The ...,2025-10-23,https://english.aaj.tv/news/330440872/sheikh-saleh-al-fawzan-appointed-as-new-grand-mufti-of-saudi-arabia
mufti -mehbooba,Sheikh Saleh Al-Fawzan appointed as Saudi Arabia's Grand <b>Mufti</b> - Abb Takk News,"RIYADH: King Salman bin Abdulaziz of Saudi Arabia has appointed Sheikh Saleh Al-Fawzan as the Grand Mufti of the Kingdom, following a proposal by ...",2025-10-23,https://abbtakk.tv/sheikh-saleh-al-fawzan-appointed-as-saudi-arabias-grand-mufti/
mufti -mehbooba,Sheikh Saleh Al-Fawzan named Grand <b>Mufti</b> of Saudi Arabia - Muslim News Nigeria,Custodian of the Two Holy Mosques King Salman has appointed the eminent Saudi Islamic scholar Sheikh Saleh Al-Fawzan as Grand Mufti of Saudi ...,2025-10-23,https://muslimnews.com.ng/2025/10/23/sheikh-saleh-al-fawzan-named-grand-mufti-of-saudi-arabia/
prophet muhammad,This Day in History: What Happened Today in History – 27 September - MSN,"Prophet Muhammad completed his Hegira, or ""flight,"" from Mecca to Medina. He escaped persecution and built the foundation of Islam's first ...",2025-10-22,https://www.msn.com/en-in/news/world/this-day-in-history-what-happened-today-in-history-27-september/ar-AA1NpOaf?apiversion=v2&domshim=1&noservercache=1&noservertelemetry=1&batchservertelemetry=1&renderwebcomponents=1&wcseo=1
prophet muhammad,'No Kings' blows into Las Vegas and news of its mess shouldn't stay in Vegas,What's the Deal with the Prophet Muhammad? Blog Posts. Time for a hidden generation to clean up the Hippies' messes · Democrats have a cow over ...,2025-10-23,https://www.americanthinker.com/blog/2025/10/no_kings_blows_into_las_vegas_and_news_of_its_mess_shouldn_t_stay_in_vegas.html
prophet muhammad,'Women's presence can defuse aggression': Dr Fauziah on why humanitarian work needs women ...,"She reminded that women have always played important roles throughout history, even during the time of the Prophet Muhammad (PBUH). “For instance ...",2025-10-23,https://www.sinardaily.my/article/731144/focus/national/womens-presence-can-defuse-aggression-dr-fauziah-on-why-humanitarian-work-needs-women
prophet muhammad,Ankara unveils event calendar as Turkic 'tourism capital' - PressReader,"In honor of the 1,500th anniversary of the Prophet Muhammad's birth, a devotional concert will take place in the courtyard of Hacı Bayram Veli Mosque.",2025-10-23,https://www.pressreader.com/turkey/hurriyet-daily-news-economic-review/20251023/281595246759322
prophet muhammad,"Change Nigeria: Seyi Tinubu Meets Obi Cubana, Stanley Uzochukwu, Chima Anyaso, other ...","Maulud: Emulate Teachings Of Prophet Muhammad, Kano Speaker Urges Muslims · Editor October 29, 2020. TotalEnergies calls for investment on Renewable ...",2025-10-23,https://authorityngr.com/2025/10/22/change-nigeria-seyi-tinubu-meets-obi-cubana-stanley-uzochukwu-chima-anyaso-other-igbo-businessmen/
prophet muhammad,CID boss joins global leaders for UN Cybercrime Convention in Vietnam - Ghanaian Times,"Muslims celebrate birth of Prophet Muhammad. December 3, 2019. She further noted that Ghana remains committed to working with international partners ...",2025-10-23,https://ghanaiantimes.com.gh/cid-boss-joins-global-leaders-for-un-cybercrime-convention-in-vietnam/
prophet muhammad,How True Are Police Claims on the 'I Love Muhammad' Arrests in India?,"“Muslims love Prophet Muhammad. Even if we express our love for our Messenger, we are being targeted for that,” he said. What are human rights ...",2025-10-23,https://theislamicinformation.com/news/how-true-are-police-claims-on-the-i-love-muhammad-arrests-in-india/
prophet muhammad,Jumada al-Awwal Moon Sighted in Pakistan; Islamic month to begin on Oct 24,"People are also encouraged to fast on Mondays and Thursdays, as the Prophet Muhammad (PBUH) used to do. Ramadan 2026 Expected Dates Revealed · Web ...",2025-10-23,https://pakobserver.net/jumada-al-awwal-moon-sighted-in-pakistan-islamic-month-to-begin-on-oct-24/
prophet muhammad,Maulana Tauqeer Khan's relative claims his followers are threatening her - Siasat.com,Tags: Bareillyindian muslimsProphet MuhammadUttar Pradesh. 3 minutes ago. Press Trust of India. Press Trust of India (PTI) is India's premier news ...,2025-10-23,https://www.siasat.com/maulana-tauqeer-khans-relative-claims-his-followers-are-threatening-her-3286710/amp/
prophet muhammad,"OPINION | In India, Saying “I Love Muhammad” Can Get You Arrested - Newswav","Muslims there were celebrating Eid al-Milad al-Nabi, the birthday of Prophet Muhammad. Continue reading in app. 12. What Do Netizens Say? Like. Laugh.",2025-10-23,https://newswav.com/article/opinion-in-india-saying-i-love-muhammad-can-get-you-arrested-A2510_j8bGdT
prophet muhammad,Pakistan bans hard-line Islamist party after recent deadly clashes with police - NewsNation,The party was first outlawed in 2020 after violent protests over the publication of caricatures of Islam's Prophet Muhammad in France. At that ...,2025-10-23,https://www.newsnationnow.com/world/international-headlines/ap-pakistan-bans-hard-line-islamist-party-after-recent-deadly-clashes-with-police/
prophet muhammad,Pakistan bans hard-line Islamist party after recent deadly clashes with police - Stamford Advocate,The party was first outlawed in April 2021 after violent protests over the publication of caricatures of Islam's Prophet Muhammad in France. At ...,2025-10-23,https://www.stamfordadvocate.com/news/world/article/pakistan-bans-hard-line-islamist-party-after-21116168.php
prophet muhammad,Pakistan-Afghanistan Ceasefire: Torkham Border Reopening Likely as Trade Losses Mount,... Prophet Muhammad) is escalating. The banner carried the words “I Love Muhammad.” RC. By Real content25 days ago in Chapters · Businesswoman Chapter ...,2025-10-23,https://vocal.media/chapters/pakistan-afghanistan-ceasefire-torkham-border-reopening-likely-as-trade-losses-mount
prophet muhammad,Pakistani trader fined for selling decorative items with Quranic errors | NST,"He was also found selling nine frames of Quranic verses, as well as six frames featuring the name of the Prophet Muhammad, all of which contained ...",2025-10-23,https://api.nst.com.my/news/regional/2025/10/1300344/pakistani-trader-fined-selling-decorative-items-quranic-errors
prophet muhammad,Prophet's Lovers Foundation launches annual Sirat al-Nabi contest - İlkha,"... Prophet Muhammad (peace be upon him). Now in its latest edition, the ... Prophet Muhammad's life and legacy. Through the “Read Him, Live Him ...",2025-10-23,https://ilkha.com/english/latest/prophet-s-lovers-foundation-launches-annual-sirat-al-nabi-contest-486842
prophet muhammad,Stakeholders validate national adaptation document to strengthen resilience in Nigeria,"READ MORE MULAC demands apology from Afenifere over comments on prophet Muhammad. She said from the information gathered, the NAP process is built ...",2025-10-23,https://peoplesdailyng.com/stakeholders-validate-national-adaptation-document-to-strengthen-resilience-in-nigeria/
prophet muhammad,The Great Democratization: Why Your Pension Deserves Bitcoin - American Thinker,What's the Deal with the Prophet Muhammad? Blog Posts. Hamas emerges · Here comes BO · A referendum on Trump? An indecent proposal in California ...,2025-10-23,https://www.americanthinker.com/articles/2025/10/the_great_democratization_why_your_pension_deserves_bitcoin.html
prophet muhammad,The main candidates in the race for prime minister of the Netherlands - BGNES,"From calling Moroccans ""scum"" to organizing cartoon contests depicting the Prophet Muhammad, Wilders has built his career on his self-proclaimed ...",2025-10-23,http://www.bgnes.com/politics/the-main-candidates-in-the-race-for-prime-minister-of-the-netherlands
quran -competition -recitation -memorize,Fifteen mosque and Islamic centre projects to be completed before Ramadan: Shaheem,Minister Shaheem said that MVR 170 million has been allocated to private sector companies over the past two years to complete these projects.,2025-10-22,https://edition.mv/news/45270?ref=cat-sub
quran -competition -recitation -memorize,National Chief Imam honours GA West ECG District Manager - Ghanaian Times,"The National Chief Imam and Grand Mufti of Ghana, Sheikh Prof. Osman Nuhu Sharubutu, has honoured Mr Samuel Andoh, the Ga West District Manager of ...",2025-10-22,https://ghanaiantimes.com.gh/national-chief-imam-honours-ga-west-ecg-district-manager/amp/
quran -competition -recitation -memorize,"Shia Cleric: Israel is Defeated, and Blood of Oppressed Palestinians Marks a Historic Victory","AhlulBayt News Agency: Allama Maqsood Ali Domki, the Central Secretary for Media of Majlis-e-Wahdat-e-Muslimeen Pakistan and the provincial ...",2025-10-22,https://en.abna24.com/news/1741422/Shia-Cleric-Israel-is-Defeated-and-Blood-of-Oppressed-Palestinians
quran -competition -recitation -memorize,The 'Vampire Empire' that seeks to thrive on the blood of innocents in Gaza - YouTube,Daha Fazla Bilgi için; https://www.trthaber.com/ Mobil uygulamalar Android ➤ https://play.google.com/store/apps/details?id=com.TRT.,2025-10-22,https://www.youtube.com/watch?v=FTvS8DPAmtk
quran -competition -recitation -memorize,Bihar: AIMIM's Bachha Rai held for spreading false video on mosque attack - OpIndia,"AIMIM candidate Bachha Rai from Mahua Assembly constituency in Bihar, has been booked for spreading false and inciting content on social media ...",2025-10-23,https://www.opindia.com/news-updates/bihar-aimims-bachha-rai-held-for-spreading-false-video-on-mosque-attack/
sharia,Biden's FEMA Put Conservatives on Secret Blacklist?! | Guests: Max Tegmark - iHeart,... Sharia law poses to America as Europe falls apart. Learn more about your ad choices. Visit megaphone.fm/adchoices. The Democrats claim that ...,2025-10-22,https://www.iheart.com/content/2025-10-22-175-the-glenn-beck-program-bidens-fema-put-conservatives-on-secret-blacklis/
sharia,Humanist enabling life project: Compassionate response to <b>Sharia</b> amputation,"Lawani explained that he was accused of theft, then charged under Sharia law and sentenced by the Sharia court. On March 15, 2022, state officers ...",2025-10-22,https://guardian.ng/opinion/humanist-enabling-life-project-compassionate-response-to-sharia-amputation/
sharia,Saudi Arabia announces new Grand Mufti - Gulf News,"After four years, he graduated and went on to study at the College of Sharia in Riyadh, earning his degree in 1961. He subsequently completed both ...",2025-10-22,https://gulfnews.com/world/gulf/saudi/saudi-arabia-announces-new-grand-mufti-1.500317617
sharia,What Makes Islamic Banking and Finance a Growing Career Field? - Breaking AC,"Rooted in ethical and Sharia-compliant principles, this field has emerged as a powerful alternative to conventional finance. With increasing demand ...",2025-10-22,https://breakingac.com/news/2025/oct/22/what-makes-islamic-banking-and-finance-a-growing-career-field/
sharia,<b>Sharia</b> Council being established under Azerbaijan Banks Association - Report.az,"The process of establishing a Sharia Council under the Azerbaijan Banks Association (ABA) is in its final stages, ABA Executive Director Yunus ...",2025-10-23,https://report.az/en/finance/sharia-council-being-established-under-azerbaijan-banks-association
sharia,APC Government Finds It Hard To Stop Peter Obi Because He Has No Structure To Crush,"“The Nigerian Constitution guarantees the right of every Nigerian to change their religion, but under Sharia, one cannot change religion. So, the ...",2025-10-23,https://saharareporters.com/2025/10/23/apc-government-finds-it-hard-stop-peter-obi-because-he-has-no-structure-crush-sam-amadi
sharia,Chief Justice Jallow Honors Female Lawyers at <b>Sharia</b> Law Training Awards - - Voice Gambia,Chief Justice Hassan B. Jallow on Wednesday presided over the award ceremony for the Female Lawyers' Association of The Gambia (FLAG) Sharia Law ...,2025-10-23,https://www.voicegambia.com/2025/10/23/chief-justice-jallow-honors-female-lawyers-at-sharia-law-training-awards/
sharia,How a Doctorate in Islamic Finance Prepares You for Global Banking Roles - TechBullion,"At its core, Islamic finance is governed by Sharia law, which emphasizes ethical transactions, transparency, and the prohibition of interest (riba).",2025-10-23,https://techbullion.com/how-a-doctorate-in-islamic-finance-prepares-you-for-global-banking-roles/
sharia,How GOP Can Confront Radical Islam and Expose Democrat Extremism - AMAC,The No Sharia Act defends constitutional rights by banning foreign laws like Sharia that undermine American freedoms. Learn why it matters.,2025-10-23,https://amac.us/newsline/politics/how-gop-can-confront-radical-islam-and-expose-democrat-extremism/
sharia,IPOB Linked To Christian Genocide Claims + Atiku Decries Niger Road After Tanker Tragedy,"... Sharia Court of Appeal seized and auctioned his shop to recover a tenant's unpaid debt, sparking debate over jurisdictional overreach. ​In Bayelsa ...",2025-10-23,https://www.youtube.com/watch?v=Y_ehOCPjd3g
sharia,"Islam, Morality, Democracy, and the State - Yeni Asya","Sharia, rather than being a codified state law, was a moral ecology guiding every aspect of life—shaping judges, markets, families, and rulers ...",2025-10-23,https://www.yeniasya.com.tr/english/islam-morality-democracy-and-the-state_615300
sharia,Nigerian court orders TikTokers to marry after viral smooches - Citizen Digital,A magistrate court on Monday instructed Kano's sharia ... Kano state is one of a dozen predominantly Muslim states in northern Nigeria where sharia law ...,2025-10-23,https://www.citizen.digital/article/nigerian-court-orders-tiktokers-to-marry-after-viral-smooches-n371714
sharia,NYC Mayoral Candidate Zohran Mamdani Dodges Direct Question In Viral Clip,"... Sharia law during a public interaction. In the footage, an unidentified attendee can be heard asking Mamdani, “Do you denounce Sharia law?",2025-10-23,https://thecommunemag.com/what-is-sharia-law-nyc-mayoral-candidate-zohran-mamdani-dodges-direct-question-in-viral-clip/
sharia,Robert Jenrick is right about a burqa ban | The Spectator Australia,"'I probably would ban the burqa... There are basic values in this country and we should stand up and defend them, and... whether it's sharia courts or ...",2025-10-23,https://www.spectator.com.au/2025/10/robert-jenrick-is-right-about-a-burqa-ban/
sharia,Sam Amadi: Obi's campaign style defies APC control but weakens party-building | TheCable,"The Nigerian Constitution guarantees the right of every Nigerian to change their religion, but under Sharia, one cannot change religion. “So, the ...",2025-10-23,https://www.thecable.ng/sam-amadi-obis-campaign-style-defies-apc-control-but-weakens-party-building/
sharia,Saudi Arabia appoints Sheikh Saleh bin Fawzan bin Abdullah Al-Fawzan as new grand mufti,"After four years, he graduated and advanced to the College of Sharia in Riyadh. At the College of Sharia, Sheikh Al-Fawzan earned his degree in 1961.",2025-10-23,https://timesofindia.indiatimes.com/world/middle-east/saudi-arabia-appoints-sheikh-saleh-bin-fawzan-bin-abdullah-al-fawzan-as-new-grand-mufti/articleshow/124750529.cms
sharia,"Second round of talks between Khyber jirga, terrorist groups ends without progress - Dawn",The first round of dialogue was held in Tirah on Oct 13 in which the proscribed Tehreek-i-Taliban Pakistan demanded Sharia enforcement in the ...,2025-10-23,https://www.dawn.com/news/1950626/second-round-of-talks-between-khyber-jirga-terrorist-groups-ends-without-progress
sharia,Who is Sheikh Saleh Al-Fawzan? The new Grand Mufti of Saudi Arabia - Times of India,Sheikh Bin Baz taught him Islamic inheritance law at the College of Sharia and supervised his work during his time at Dar al-Ifta. Other notable ...,2025-10-23,https://timesofindia.indiatimes.com/world/middle-east/who-is-sheikh-saleh-al-fawzan-the-new-grand-mufti-of-saudi-arabia/articleshow/124753076.cms
shariah,Al-Arafah Islami Bank partners with Shamadhan services - The New Nation,"The partnership aims to expand Shariah-compliant digital banking solutions, promote financial inclusion, and provide customers with secure ...",2025-10-22,https://dailynewnation.com/al-arafah-islami-bank-partners-with-shamadhan-services/
shariah,Dangerous everywhere: Washington Union's Davien Potts is a problem wherever he lines up,"Dangerous everywhere: Washington Union's Davien Potts is a problem wherever he lines up. Shariah Love By Shariah Love October 22, 2025 Updated ...",2025-10-22,https://westcoastpreps.com/davien-potts-problem-wherever-he-lines-up/
shariah,Kia Pakistan Introduces <b>Shariah</b>-Compliant EMI Plan for Sportage L - Pkrevenue.com,"Kia Pakistan has announced a major update for SUV enthusiasts with the launch of its Shariah-compliant, interest-free 18-month EMI plan...",2025-10-22,https://pkrevenue.com/kia-pakistan-introduces-shariah-compliant-emi-plan-for-sportage-l/
shariah,<b>Shariah</b>-Compliant Monthly Installment Plan Launched For Alsvin and Oshan X7 With ...,"Meezan Bank has partnered with Changan Motors to introduce a Shariah-compliant auto financing option for two of the company's popular models, ...",2025-10-23,https://propakistani.pk/2025/10/23/shariah-compliant-monthly-installment-plan-launched-for-alsvin-and-oshan-x7-with-massive-discount/
shariah,"Akij Resource set to launch <b>Shariah</b>-based digital bank 'Munafa', majority of investment to ...","It will be a fully Shariah-based digital bank. We aim to build an Islamic digital platform that ensures transparency, fairness, and profit-sharing ...",2025-10-23,https://www.tbsnews.net/economy/banking/akij-resource-set-launch-shariah-based-digital-bank-munafa-majority-investment-come
shariah,AKIJ Resource to launch Islamic digital bank - New Age,"AKIJ Resource has announced plans to launch Bangladesh's first Shariah-based digital bank, aiming to fill the void in Islamic banking created ...",2025-10-23,https://www.newagebd.net/post/mis/279978/akij-resource-to-launch-islamic-digital-bank
shariah,Alpaca Named Among Top 100 Most Promising Fintech Startups by CB Insights,"... Shariah-compliant investing, and Fixed Income Clearing Corporation (FICC), Options Clearing Corporation (OCC), and Nasdaq memberships. These ...",2025-10-23,https://www.businesswire.com/news/home/20251023688868/en/Alpaca-Named-Among-Top-100-Most-Promising-Fintech-Startups-by-CB-Insights
shariah,Dubai Islamic Bank Partners with HCLTech to Drive AI Adoption in Islamic Finance | AIM,"... embed responsible AI across DIB's operations, enhancing customer experiences, decision-making and compliance while aligning with Shariah principles.",2025-10-23,https://analyticsindiamag.com/ai-news-updates/dubai-islamic-bank-partners-with-hcltech-to-drive-ai-adoption-in-islamic-finance/
shariah,Fintech innovation widens access to Islamic finance | The Asset,... Shariah-compliant financial products and modernizing the delivery of Islamic financial services. Islamic finance – an industry rooted in ...,2025-10-23,https://www.theasset.com/article/55179/fintech-innovation-widens-access-to-islamic-finance
shariah,Govt plans to empower <b>Shariah</b> Courts to seize savings of ex-husbands dodging financial ...,"Govt plans to empower Shariah Courts to seize savings of ex-husbands dodging financial support, says minister. LocalPolitics. 23 Oct 2025 • 5:45 PM ...",2025-10-23,https://newswav.com/article/govt-plans-to-empower-shariah-courts-to-seize-savings-of-ex-husbands-dodgin-A2510_HPnq8y
shariah,How to Apply for <b>Shariah</b>-Compliant Car Financing - NewzTodays,"Meezan Bank, in collaboration with Changan Motors, has launched a Shariah-compliant auto financing offer for the Alsvin sedan and Oshan X7 SUV ...",2025-10-23,https://newztodays.com/how-to-apply-for-shariah-compliant-car-financing/
shariah,IsDB surpasses $55bn in sukuk as London green bond sees record demand | Arab News,"... Shariah-compliant bond listed on the London Stock Exchange drawing record investor demand, the bank said. Speaking at the Global Sukuk Summit 2025 ...",2025-10-23,https://www.arabnews.com/node/2619942/amp
shariah,"Karandaaz, Walee Launch Pakistan's First <b>Shariah</b>-Compliant Financing Program for ...","Karandaaz Pakistan and Walee Financial Services have entered into a strategic partnership to launch “Khudmukhtar Khatoon”, Pakistan's first Shariah-",2025-10-23,https://finance.yahoo.com/news/karandaaz-walee-launch-pakistan-first-091000540.html
shariah,New <b>Shariah</b>-Compliant Monthly Installment Plan Introduced for Peugeot 2008,"The move, the company said, is designed to make ownership easier for customers through its Shariah-compliant Equal Monthly Installment (EMI) plan.",2025-10-23,https://propakistani.pk/2025/10/23/new-shariah-compliant-monthly-installment-plan-introduced-for-peugeot-2008/
shariah,Owning Kia Sportage got easier under new <b>Shariah</b> compliant installment plans,"LAHORE – Kia has introduced an attractive Shariah complaint installment plan for its Sportage lineup, offering customers flexible payment options.",2025-10-23,https://pakobserver.net/owning-kia-sportage-got-easier-under-new-shariah-compliant-installment-plans/
shariah,Pakistan: Regulator discusses future of takaful in the country - Asia Insurance Review,"... shariah-compliant financial inclusion, thereby contributing to economic growth and ongoing regulatory reforms. The SECP also outlined the takaful ...",2025-10-23,https://www.asiainsurancereview.com/News/ViewNewsLetterArticle/id/93303/Type/eDaily/Pakistan-Regulator-discusses-future-of-takaful-in-the-country
shariah,"US imposes sanctions on Russian oil giants Lukoil, Rosneft",Shariah Compliant Companies · IPO Monitor · Hotels & Tourism · Retail Rankings · Telecom & IT · Dividend History · Food Prices · ‏Cement Statistics ...,2025-10-23,https://www.argaam.com/en/article/articledetail/id/1852110?amp
shariah,Wajd wins SAR 4.7M contract with Presidency of State Security,"The award was granted on Oct. 22, 2025, for a period of two years. See other content on the site · Chart Mapping · Shariah Compliant ...",2025-10-23,https://www.argaam.com/en/article/articledetail/id/1852107?amp
syariah,Forum highlights <b>Syariah</b> leadership in Islamic finance | Borneo Bulletin Online,... Syariah Advisory Forum (SAF) held yesterday at a hotel in Gadong. The acting chief executive officer also expressed hope that the forum would ...,2025-10-22,https://borneobulletin.com.bn/forum-highlights-syariah-leadership-in-islamic-finance/
syariah,<b>Syariah</b> Dept moves to seize bank assets of fathers who fail to pay child maintenance,The Syariah Judiciary Department is working with Bank Negara Malaysia to allow the seizure of financial assets belonging to former husbands who ...,2025-10-23,https://www.thevibes.com/articles/news/114439/syariah-dept-moves-to-seize-bank-assets-of-fathers-who-fail-to-pay-child-maintenance
syariah,"BI-Rate Tetap 4,75%: Mendorong Pertumbuhan Ekonomi, Mempertahankan Stabilitas","... Syariah sebesar 2,5% dengan fleksibilitas repo sebesar 2,5%;; Penguatan publikasi asesmen transparansi Suku Bunga Dasar Kredit (SBDK) dengan ...",2025-10-23,https://www.bi.go.id/id/publikasi/ruang-media/news-release/Pages/sp_2725025.aspx
syariah,Ex-husbands could have savings seized for failing to pay alimony under <b>syariah</b> law,KUALA LUMPUR: The government is taking steps to empower syariah courts to seize the financial savings of ex-husbands who evade paying ...,2025-10-23,https://www.nst.com.my/news/nation/2025/10/1300356/ex-husbands-could-have-savings-seized-failing-pay-alimony-under-syariah
syariah,Govt plans to empower Shariah Courts to seize savings of ex-husbands dodging financial ...,"KUALA LUMPUR, Oct 23 — The government is taking steps to empower Syariah Courts to seize the financial savings of ex-husbands who evade paying ...",2025-10-23,https://www.malaymail.com/news/malaysia/2025/10/23/govt-plans-to-empower-shariah-courts-to-seize-savings-of-ex-husbands-dodging-financial-support-says-minister/195655
syariah,Sabah <b>Syariah</b> Court To Simplement MDS To Enhance Judicial Service - Bernama,"Dewan Rakyat, Mohd Na'im, Syariah Court, Sabah, MDS, JKSM.",2025-10-23,https://www.bernama.com/en/news.php/?id=2481997
waqf,<b>Waqf</b> land dispute: Kerala govt seeks early hearing of plea by Munambam landowners,"... Waqf Board, claiming the properties are waqf land. Tired of too many ads?go ad free now. The bench of Justice C Jayachandran on Thursday adjourned ...",2025-10-23,https://timesofindia.indiatimes.com/city/kochi/waqf-land-dispute-kerala-govt-seeks-early-hearing-of-plea-by-munambam-landowners/articleshow/124765423.cms
waqf,BJP protests against NC MLA's “communal party” remark - Kashmir Dot Com,PDP resolution to hand over Waqf Board to Mirwaiz's MMU dropped in Assembly balloting · Next Post. Speaker slams Kupwara administration over omission ...,2025-10-23,https://kashmirdotcom.in/2025/10/23/bjp-protests-against-nc-mlas-communal-party-remark/
waqf,CM Omar Abdullah Urges Speaker To Adopt Parliament Procedure For Obituary References,"PDP Urges Speaker To Include J&K Waqf Board Resolution In Assembly Agenda · Kashmir October 23, 2025. Speaker slams Kupwara administration over ...",2025-10-23,https://asianmail.in/2025/10/23/cm-omar-abdullah-urges-speaker-to-adopt-parliament-procedure-for-obituary-references/
waqf,Include PDP's Resolution on Restoring <b>Waqf</b> Board and Transferring it to Mirwaiz-Led MMU ...,"... Waqf Board and its transfer to the custodianship of Muttahid-e-Majlis-e-Ulema was dropped from the Assembly ballot. In a post on X, as per news ...",2025-10-23,https://asianewsnetwork.net/include-pdps-resolution-on-restoring-waqf-board-and-transferring-it-to-mirwaiz-led-mmu-in-assembly-waheed-para-urges-speaker/
waqf,J&K High Court Dismisses Review Plea; Upholds 'Suppression of Material Fact' Finding ...,... Waqf Board. This order had rejected their claim to the offerings. The petitioners asserted their claim as descendants of a Nishan Dehandah (Ghulam ...,2025-10-23,https://lawtrend.in/jk-hc-upholds-suppression-of-material-fact/
waqf,"J-K speaker admits PDP's resolutions to restore <b>Waqf</b> Board, cadre of officers",... Waqf Board and handing it over to a religious conglomerate headed by Mirwaiz Umar Farooq. Advertisement. The second private member's bill is about ...,2025-10-23,https://www.greaterkashmir.com/jammu-kashmir/j-k-speaker-admits-pdps-resolutions-to-restore-waqf-board-cadre-of-officers/
waqf,MLA Waheed Parra urges Speaker to reconsider dropped <b>Waqf</b> resolution - Rising Kashmir,"... Waqf Board and its custodianship under the Muttahid-e-Majlis-e-Ulema. In a post on X, Parra stated that the resolution was dropped during the ...",2025-10-23,https://risingkashmir.com/mla-waheed-parra-urges-speaker-to-reconsider-dropped-waqf-resolution/
waqf,NC lawmakers stage silent protest outside Assembly over Mehraj Malik's detention,PDP's Waheed Parra seeks Speaker's intervention after Waqf... Kashmir Patriot · IndiGo Flight from Kolkata to Srinagar Makes Emergency... Kashmir ...,2025-10-23,https://www.kashmirpatriot.com/nc-lawmakers-stage-silent-protest-outside-assembly-over-mehraj-maliks-detention/
waqf,Only 7 of 58 Resolutions Adopted in J&K Assembly; PDP's <b>Waqf</b> Proposal Gets Dropped,... Waqf properties to the Mirwaiz-led Muttahida Majlis-e-Ulama. READ ALSO. Jitendra Singh Distributes Free Laptops To Top-Performing Female Students ...,2025-10-23,https://globalkashmir.net/only-7-of-58-resolutions-adopted-in-j-pdps-waqf-proposal-gets-dropped/
waqf,PDP Calls on J-K Assembly Speaker to Table <b>Waqf</b> Board Resolution in House Agenda,"Waqf is a sensitive, faith linked issue that deserves debate and return to local religious leadership under Mirwaiz.” The appeal comes as the nine day ...",2025-10-23,https://boldnewsonline.com/pdp-calls-on-j-k-assembly-speaker-to-table-waqf-board-resolution-in-house-agenda/
waqf,PDP move to restore <b>Waqf</b> Board to MMU dropped in Assembly ballot,"... Waqf Board to the Mirwaiz Umar Farooq-led Muttahida Majlis-e-Ulama (MMU) ... According to Kashmir Media Service, the resolution moved by the People's ...",2025-10-23,https://kmsnews.org/kms/2025/10/23/pdp-move-to-restore-waqf-board-to-mmu-dropped-in-assembly-ballot.html
waqf,PDP Urges Speaker To Include J&K <b>Waqf</b> Board Resolution In Assembly Agenda,Srinagar : People's Democratic Party (PDP) leader Waheed Para said that his resolution seeking the restoration of the Jammu and Kashmir Waqf Board ...,2025-10-23,https://asianmail.in/2025/10/23/pdp-urges-speaker-to-include-jk-waqf-board-resolution-in-assembly-agenda/
waqf,PDP's Parra Seeks Speaker's Intervention After <b>Waqf</b> Board Resolution Dropped,Our resolution to restore the J&K Waqf Board and hand over its custodianship to the Muttahid-e-Majlis-e-Ulema was dropped in the Assembly ballot. We ...,2025-10-23,https://kashmirlife.net/pdps-parra-seeks-speakers-intervention-after-waqf-board-resolution-dropped-410240/
waqf,PDP's Waheed Parra seeks discussion on <b>Waqf</b> Amendment Act 2025 - News Arena,"PDP MLA Waheed Parra says J&K Waqf Board restoration resolution dropped from Assembly ballot, seeks Speaker intervention, ...",2025-10-23,https://newsarenaindia.com/states/pdp-s-waheed-parra-seeks-discussion-on-waqf-amendment-act-2025/60045
waqf,Sartaj Madni Says PDP Strategy Depends on NC's Move in Rajya Sabha Polls,"On Jammu Kashmir Waqf Board resolution being dropped, he said the PDP has no major expectations from the present government. “We don't expect much ...",2025-10-23,https://kashmirlife.net/sartaj-madni-says-pdp-strategy-depends-on-ncs-move-in-rajya-sabha-polls-410259/
waqf,"SC: Minors Can Void Unauthorised Property Sales Through Actions, Not Only Lawsuits","SC Refuses To Stay Entire Waqf Law, Stalls Certain Provisions File Photo Of Supreme Court Of India. New Delhi- In a significant verdict on property ...",2025-10-23,https://kashmirobserver.net/2025/10/23/sc-minors-can-void-unauthorised-property-sales-through-actions-not-only-lawsuits/
waqf,Supreme Court Dismisses Plea Against Partial Demolition of 400-Year-Old Mancha Mosque ...,"Waqf Board Entitled to Compensation. When the counsel for the mosque requested special protection for the prayer area, the bench clarified that no ...",2025-10-23,https://english.bombaysamachar.com/gujarat/supreme-court-dismisses-plea-against-partial-demolition-of-400-year-old-mancha-mosque-in-ahmedabad/?amp=1
waqf,UAE: Dubai businessman donates 7 buildings worth AED 110 million ($29.7M) to charity,Understanding Waqf and social impact. A Waqf is an Islamic charitable endowment where assets are permanently dedicated to public or family benefit.,2025-10-23,https://timesofindia.indiatimes.com/world/middle-east/uae-dubai-businessman-donates-7-buildings-worth-aed-110-million-29-7m-to-charity/articleshow/124758052.cms
waqf,Waheed Para urges speaker to include <b>Waqf</b> Board resolution in assembly business,"Srinagar: Waheed Para, MLA from Pulwama, on Thursday said that a resolution to restore the Jammu and Kashmir Waqf Board and transfer its ...",2025-10-23,https://freepresskashmir.news/2025/10/23/waheed-para-urges-speaker-to-include-waqf-board-resolution-in-assembly-business/
waqf,Waheed Para's resolution on J&K <b>Waqf</b> Board dropped in the Assembly ballot - ANN News,SRINAGAR (KIMS) — Peoples Democratic Party (PDP) leader Waheed Para on Thursday said his resolution to restore the Jammu and Kashmir Waqf Board ...,2025-10-23,https://asianewsnetwork.net/waheed-paras-resolution-on-jk-waqf-board-dropped-in-the-assembly-ballot/
